row_index,variant_name,functions_count,terminals_count,constants_count,size_total
0,CVRP,3,3,1,7
1,CVRP,3,3,1,7
2,CVRP,3,3,1,7
3,CVRP,2,3,0,5
4,CVRP,3,3,1,7
5,CVRP,3,3,1,7
6,CVRP,4,5,0,9
7,CVRP,3,3,1,7
8,CVRP,6,6,1,13
9,CVRP,7,6,2,15
10,CVRP,3,3,1,7
11,CVRP,3,3,1,7
12,CVRP,3,3,1,7
13,CVRP,6,5,2,13
14,CVRP,3,3,1,7
15,CVRP,3,3,1,7
16,CVRP,3,3,1,7
17,CVRP,4,3,2,9
18,CVRP,3,3,1,7
19,CVRP,3,2,2,7
20,CVRP,4,3,2,9
21,CVRP,3,3,1,7
22,CVRP,5,4,2,11
23,CVRP,3,2,2,7
24,CVRP,3,3,1,7
25,CVRP,5,5,1,11
26,CVRP,3,3,1,7
27,CVRP,3,3,1,7
28,CVRP,3,3,1,7
29,CVRP,4,3,2,9
30,MDCVRP,2,2,1,5
31,MDCVRP,4,4,1,9
32,MDCVRP,3,3,1,7
33,MDCVRP,3,3,1,7
34,MDCVRP,3,3,1,7
35,MDCVRP,3,4,0,7
36,MDCVRP,4,5,0,9
37,MDCVRP,4,4,1,9
38,MDCVRP,4,4,1,9
39,MDCVRP,3,3,1,7
40,MDCVRP,4,4,1,9
41,MDCVRP,6,5,2,13
42,MDCVRP,4,3,2,9
43,MDCVRP,4,4,1,9
44,MDCVRP,3,3,1,7
45,MDCVRP,4,3,2,9
46,MDCVRP,4,4,1,9
47,MDCVRP,3,3,1,7
48,MDCVRP,5,4,2,11
49,MDCVRP,3,3,1,7
50,MDCVRP,3,3,1,7
51,MDCVRP,3,4,0,7
52,MDCVRP,6,6,1,13
53,MDCVRP,3,4,0,7
54,MDCVRP,4,4,1,9
55,MDCVRP,3,3,1,7
56,MDCVRP,4,5,0,9
57,MDCVRP,5,5,1,11
58,MDCVRP,6,6,1,13
59,MDCVRP,3,3,1,7
60,GVRP,8,6,3,17
61,GVRP,3,4,0,7
62,GVRP,3,3,1,7
63,GVRP,5,6,0,11
64,GVRP,3,3,1,7
65,GVRP,4,3,2,9
66,GVRP,6,4,3,13
67,GVRP,10,7,4,21
68,GVRP,3,3,1,7
69,GVRP,5,4,2,11
70,GVRP,7,6,2,15
71,GVRP,6,5,2,13
72,GVRP,2,2,1,5
73,GVRP,4,4,1,9
74,GVRP,5,3,3,11
75,GVRP,7,5,3,15
76,GVRP,3,3,1,7
77,GVRP,5,4,2,11
78,GVRP,5,4,2,11
79,GVRP,5,4,2,11
80,GVRP,6,6,1,13
81,GVRP,10,7,4,21
82,GVRP,5,5,1,11
83,GVRP,4,5,3,12
84,GVRP,5,6,0,11
85,GVRP,6,5,2,13
86,GVRP,4,3,2,9
87,GVRP,4,4,1,9
88,GVRP,4,4,1,9
89,GVRP,5,5,1,11
90,GVRP-MD,5,5,1,11
91,GVRP-MD,6,6,1,13
92,GVRP-MD,9,8,4,21
93,GVRP-MD,6,5,2,13
94,GVRP-MD,4,4,1,9
95,GVRP-MD,8,6,3,17
96,GVRP-MD,7,5,3,15
97,GVRP-MD,4,4,1,9
98,GVRP-MD,5,5,1,11
99,GVRP-MD,7,5,3,15
100,GVRP-MD,6,5,2,13
101,GVRP-MD,9,7,3,19
102,GVRP-MD,6,5,2,13
103,GVRP-MD,7,7,1,15
104,GVRP-MD,7,4,4,15
105,GVRP-MD,7,6,2,15
106,GVRP-MD,7,8,0,15
107,GVRP-MD,6,7,0,13
108,GVRP-MD,5,4,2,11
109,GVRP-MD,4,4,1,9
110,GVRP-MD,5,4,2,11
111,GVRP-MD,3,3,1,7
112,GVRP-MD,4,4,1,9
113,GVRP-MD,11,5,7,23
114,GVRP-MD,4,4,1,9
115,GVRP-MD,4,3,2,9
116,GVRP-MD,6,6,1,13
117,GVRP-MD,7,6,2,15
118,GVRP-MD,5,4,2,11
119,GVRP-MD,10,9,2,21
120,VRPTW,5,5,1,11
121,VRPTW,6,4,3,13
122,VRPTW,8,6,3,17
123,VRPTW,4,4,1,9
124,VRPTW,5,4,2,11
125,VRPTW,8,7,2,17
126,VRPTW,4,4,1,9
127,VRPTW,2,1,2,5
128,VRPTW,11,8,4,23
129,VRPTW,6,5,2,13
130,VRPTW,4,4,1,9
131,VRPTW,5,4,2,11
132,VRPTW,2,1,2,5
133,VRPTW,8,5,4,17
134,VRPTW,8,6,3,17
135,VRPTW,5,3,3,11
136,VRPTW,6,5,2,13
137,VRPTW,6,6,1,13
138,VRPTW,5,5,1,11
139,VRPTW,7,7,1,15
140,VRPTW,5,5,1,11
141,VRPTW,3,3,1,7
142,VRPTW,3,2,2,7
143,VRPTW,7,7,1,15
144,VRPTW,10,6,5,21
145,VRPTW,2,1,2,5
146,VRPTW,8,6,3,17
147,VRPTW,6,4,3,13
148,VRPTW,9,7,3,19
149,VRPTW,7,4,4,15
150,MDVRPTW,5,3,3,11
151,MDVRPTW,3,2,2,7
152,MDVRPTW,4,4,1,9
153,MDVRPTW,6,5,2,13
154,MDVRPTW,2,2,1,5
155,MDVRPTW,8,5,4,17
156,MDVRPTW,3,3,1,7
157,MDVRPTW,3,3,1,7
158,MDVRPTW,7,7,1,15
159,MDVRPTW,5,5,1,11
160,MDVRPTW,9,7,3,19
161,MDVRPTW,5,6,0,11
162,MDVRPTW,5,5,1,11
163,MDVRPTW,6,5,2,13
164,MDVRPTW,6,5,2,13
165,MDVRPTW,16,17,0,33
166,MDVRPTW,7,6,2,15
167,MDVRPTW,4,3,2,9
168,MDVRPTW,7,6,2,15
169,MDVRPTW,6,5,2,13
170,MDVRPTW,5,4,2,11
171,MDVRPTW,9,6,4,19
172,MDVRPTW,7,7,2,16
173,MDVRPTW,6,5,2,13
174,MDVRPTW,6,5,2,13
175,MDVRPTW,5,4,2,11
176,MDVRPTW,12,8,5,25
177,MDVRPTW,7,5,3,15
178,MDVRPTW,5,2,4,11
179,G-VRPTW,5,4,2,11
180,G-VRPTW,7,6,2,15
181,G-VRPTW,6,6,1,13
182,G-VRPTW,9,6,4,19
183,G-VRPTW,7,5,3,15
184,G-VRPTW,6,6,1,13
185,G-VRPTW,4,5,0,9
186,G-VRPTW,4,4,1,9
187,G-VRPTW,7,6,2,15
188,G-VRPTW,17,6,12,35
189,G-VRPTW,8,9,0,17
190,G-VRPTW,5,5,1,11
191,G-VRPTW,11,7,5,23
192,G-VRPTW,16,14,3,33
193,G-VRPTW,4,4,1,9
194,G-VRPTW,6,5,2,13
195,G-VRPTW,6,5,2,13
196,G-VRPTW,7,6,2,15
197,G-VRPTW,9,9,1,19
198,G-VRPTW,5,4,2,11
199,G-VRPTW,7,5,3,15
200,G-VRPTW,7,6,2,15
201,G-VRPTW,5,6,0,11
202,G-VRPTW,7,5,3,15
203,G-VRPTW,6,4,3,13
204,G-VRPTW,10,8,3,21
205,G-VRPTW,2,2,1,5
206,G-VRPTW-MD,7,5,3,15
207,G-VRPTW-MD,7,4,4,15
208,G-VRPTW-MD,6,6,1,13
209,G-VRPTW-MD,14,10,5,29
210,G-VRPTW-MD,7,6,2,15
211,G-VRPTW-MD,8,7,2,17
212,G-VRPTW-MD,7,6,2,15
213,G-VRPTW-MD,10,7,4,21
214,G-VRPTW-MD,5,4,2,11
215,G-VRPTW-MD,7,7,1,15
216,G-VRPTW-MD,8,4,5,17
217,G-VRPTW-MD,7,7,1,15
218,G-VRPTW-MD,6,7,0,13
219,G-VRPTW-MD,7,6,2,15
220,G-VRPTW-MD,6,7,0,13
221,G-VRPTW-MD,6,5,2,13
222,G-VRPTW-MD,7,4,4,15
223,G-VRPTW-MD,3,2,2,7
224,G-VRPTW-MD,9,4,6,19
225,G-VRPTW-MD,8,6,3,17
226,G-VRPTW-MD,4,5,0,9
227,G-VRPTW-MD,12,6,7,25
228,G-VRPTW-MD,9,7,3,19
229,G-VRPTW-MD,6,6,1,13
230,G-VRPTW-MD,4,4,1,9
231,G-VRPTW-MD,5,3,3,11
232,G-VRPTW-MD,12,9,4,25
233,CVRP,4,4,1,9
234,CVRP,6,5,4,15
235,CVRP,3,3,1,7
236,CVRP,6,4,3,13
237,CVRP,5,4,2,11
238,CVRP,4,4,1,9
239,CVRP,5,4,2,11
240,CVRP,4,4,1,9
241,CVRP,6,5,2,13
242,CVRP,5,5,1,11
243,CVRP,5,4,2,11
244,CVRP,4,5,0,9
245,CVRP,5,6,0,11
246,CVRP,3,2,2,7
247,CVRP,5,6,0,11
248,CVRP,6,4,3,13
249,CVRP,6,4,3,13
250,CVRP,6,5,4,15
251,CVRP,4,4,1,9
252,CVRP,6,4,3,13
253,CVRP,6,5,2,13
254,CVRP,4,5,0,9
255,CVRP,6,5,2,13
256,CVRP,4,4,1,9
257,CVRP,6,7,2,15
258,CVRP,3,3,1,7
259,CVRP,5,4,2,11
260,CVRP,4,5,0,9
261,CVRP,3,3,1,7
262,CVRP,6,5,2,13
263,MDCVRP,5,4,2,11
264,MDCVRP,5,4,2,11
265,MDCVRP,7,4,4,15
266,MDCVRP,7,6,2,15
267,MDCVRP,5,5,1,11
268,MDCVRP,5,5,1,11
269,MDCVRP,8,6,3,17
270,MDCVRP,3,3,1,7
271,MDCVRP,3,4,0,7
272,MDCVRP,7,7,1,15
273,MDCVRP,7,6,2,15
274,MDCVRP,5,5,3,13
275,MDCVRP,8,7,2,17
276,MDCVRP,4,4,1,9
277,MDCVRP,4,4,1,9
278,MDCVRP,5,4,2,11
279,MDCVRP,6,6,1,13
280,MDCVRP,7,7,1,15
281,MDCVRP,6,5,2,13
282,MDCVRP,4,4,1,9
283,MDCVRP,5,6,0,11
284,MDCVRP,5,5,1,11
285,MDCVRP,6,5,2,13
286,MDCVRP,7,6,2,15
287,MDCVRP,6,6,1,13
288,MDCVRP,3,2,2,7
289,MDCVRP,6,6,1,13
290,MDCVRP,9,6,4,19
291,MDCVRP,5,4,2,11
292,MDCVRP,7,6,2,15
293,GVRP,5,4,2,11
294,GVRP,4,4,1,9
295,GVRP,8,9,0,17
296,GVRP,4,4,1,9
297,GVRP,6,6,1,13
298,GVRP,9,10,0,19
299,GVRP,7,7,1,15
300,GVRP,6,5,2,13
301,GVRP,9,7,3,19
302,GVRP,6,6,1,13
303,GVRP,7,7,1,15
304,GVRP,7,6,3,16
305,GVRP,6,5,2,13
306,GVRP,7,6,3,16
307,GVRP,8,6,3,17
308,GVRP,5,6,0,11
309,GVRP,5,5,1,11
310,GVRP,4,4,1,9
311,GVRP,3,4,0,7
312,GVRP,5,5,1,11
313,GVRP,4,4,1,9
314,GVRP,5,4,2,11
315,GVRP,3,3,1,7
316,GVRP,10,6,5,21
317,GVRP,8,8,1,17
318,GVRP,7,6,2,15
319,GVRP,4,3,2,9
320,GVRP,4,4,1,9
321,GVRP,6,7,0,13
322,GVRP,8,7,2,17
323,GVRP-MD,9,7,3,19
324,GVRP-MD,8,6,3,17
325,GVRP-MD,7,6,2,15
326,GVRP-MD,7,6,2,15
327,GVRP-MD,5,5,1,11
328,GVRP-MD,11,6,6,23
329,GVRP-MD,8,7,2,17
330,GVRP-MD,6,6,1,13
331,GVRP-MD,5,5,1,11
332,GVRP-MD,8,7,2,17
333,GVRP-MD,4,5,0,9
334,GVRP-MD,5,4,2,11
335,GVRP-MD,6,6,1,13
336,GVRP-MD,7,4,4,15
337,GVRP-MD,9,6,4,19
338,GVRP-MD,10,6,5,21
339,GVRP-MD,6,4,3,13
340,GVRP-MD,8,6,3,17
341,GVRP-MD,7,4,4,15
342,GVRP-MD,7,7,1,15
343,GVRP-MD,6,4,3,13
344,GVRP-MD,6,4,3,13
345,GVRP-MD,6,4,3,13
346,GVRP-MD,8,8,1,17
347,GVRP-MD,6,5,2,13
348,GVRP-MD,7,4,4,15
349,GVRP-MD,5,4,2,11
350,VRPTW,6,7,1,14
351,VRPTW,7,6,2,15
352,VRPTW,7,5,3,15
353,VRPTW,5,5,1,11
354,VRPTW,5,6,0,11
355,VRPTW,27,14,14,55
356,VRPTW,6,6,1,13
357,VRPTW,6,6,1,13
358,VRPTW,6,5,2,13
359,VRPTW,5,6,0,11
360,VRPTW,5,6,0,11
361,VRPTW,9,8,2,19
362,VRPTW,7,4,4,15
363,VRPTW,9,4,6,19
364,VRPTW,3,4,0,7
365,VRPTW,6,4,3,13
366,VRPTW,12,9,4,25
367,VRPTW,5,4,2,11
368,VRPTW,5,4,2,11
369,VRPTW,6,6,1,13
370,VRPTW,5,4,2,11
371,VRPTW,4,4,1,9
372,VRPTW,2,2,1,5
373,VRPTW,3,4,0,7
374,VRPTW,7,4,4,15
375,VRPTW,2,2,1,5
376,VRPTW,10,10,3,23
377,VRPTW,4,4,1,9
378,VRPTW,6,5,2,13
379,VRPTW,7,4,4,15
380,MDVRPTW,6,6,1,13
382,MDVRPTW,5,5,1,11
383,MDVRPTW,7,6,2,15
384,MDVRPTW,17,10,8,35
385,MDVRPTW,8,8,2,18
386,MDVRPTW,10,9,2,21
387,MDVRPTW,6,6,1,13
388,MDVRPTW,6,6,1,13
389,MDVRPTW,7,6,2,15
390,MDVRPTW,8,7,2,17
391,MDVRPTW,6,4,3,13
392,MDVRPTW,6,5,2,13
393,MDVRPTW,9,7,3,19
394,MDVRPTW,5,6,0,11
395,MDVRPTW,15,8,8,31
396,MDVRPTW,9,5,5,19
397,MDVRPTW,5,5,1,11
398,MDVRPTW,8,9,0,17
399,MDVRPTW,6,4,3,13
400,MDVRPTW,7,4,4,15
401,MDVRPTW,6,5,2,13
402,MDVRPTW,11,9,3,23
403,MDVRPTW,9,7,3,19
404,MDVRPTW,5,6,0,11
405,MDVRPTW,7,8,0,15
406,MDVRPTW,9,7,6,22
407,MDVRPTW,10,7,4,21
408,G-VRPTW,14,11,4,29
409,G-VRPTW,9,7,3,19
410,G-VRPTW,8,4,5,17
411,G-VRPTW,5,4,2,11
412,G-VRPTW,11,8,4,23
414,G-VRPTW,6,7,0,13
415,G-VRPTW,16,13,4,33
416,G-VRPTW,7,8,0,15
417,G-VRPTW,7,6,2,15
418,G-VRPTW,8,5,4,17
419,G-VRPTW,7,7,1,15
420,G-VRPTW,4,5,0,9
421,G-VRPTW,7,6,2,15
422,G-VRPTW,11,9,3,23
423,G-VRPTW,5,5,1,11
424,G-VRPTW,5,4,2,11
425,G-VRPTW,9,8,2,19
426,G-VRPTW,3,3,1,7
427,G-VRPTW,14,10,5,29
428,G-VRPTW,8,7,2,17
429,G-VRPTW,4,4,1,9
430,G-VRPTW,4,4,1,9
431,G-VRPTW,5,6,0,11
432,G-VRPTW,5,6,0,11
433,G-VRPTW,7,5,3,15
434,G-VRPTW-MD,6,5,2,13
436,G-VRPTW-MD,8,8,1,17
437,G-VRPTW-MD,7,5,3,15
438,G-VRPTW-MD,6,6,1,13
439,G-VRPTW-MD,10,8,3,21
440,G-VRPTW-MD,11,8,6,25
441,G-VRPTW-MD,7,6,2,15
442,G-VRPTW-MD,5,6,0,11
443,G-VRPTW-MD,6,6,1,13
445,G-VRPTW-MD,5,5,1,11
446,G-VRPTW-MD,7,4,4,15
447,G-VRPTW-MD,3,2,2,7
448,G-VRPTW-MD,7,4,4,15
449,G-VRPTW-MD,8,5,4,17
450,G-VRPTW-MD,12,11,2,25
451,G-VRPTW-MD,7,4,4,15
452,G-VRPTW-MD,7,4,4,15
453,G-VRPTW-MD,6,4,3,13
454,G-VRPTW-MD,7,6,2,15
455,G-VRPTW-MD,19,9,11,39
456,G-VRPTW-MD,6,6,1,13
457,G-VRPTW-MD,3,3,1,7
458,G-VRPTW-MD,7,6,2,15
459,G-VRPTW-MD,9,8,2,19
460,G-VRPTW-MD,5,6,0,11
461,G-VRPTW-MD,11,8,4,23
462,CVRP,3,3,1,7
463,CVRP,3,3,1,7
464,CVRP,3,3,1,7
465,CVRP,2,3,0,5
466,CVRP,3,3,1,7
467,CVRP,3,3,1,7
468,CVRP,4,5,0,9
469,CVRP,3,3,1,7
470,CVRP,6,6,1,13
471,CVRP,7,6,2,15
472,CVRP,3,3,1,7
473,CVRP,3,3,1,7
474,CVRP,3,3,1,7
475,CVRP,6,5,2,13
476,CVRP,3,3,1,7
477,CVRP,3,3,1,7
478,CVRP,3,3,1,7
479,CVRP,3,3,1,7
480,CVRP,3,3,1,7
481,CVRP,4,3,2,9
482,MDCVRP,2,2,1,5
483,MDCVRP,4,4,1,9
484,MDCVRP,3,3,1,7
485,MDCVRP,3,3,1,7
486,MDCVRP,3,3,1,7
487,MDCVRP,3,4,0,7
488,MDCVRP,4,5,0,9
489,MDCVRP,4,4,1,9
490,MDCVRP,4,4,1,9
491,MDCVRP,3,3,1,7
492,MDCVRP,4,4,1,9
493,MDCVRP,6,5,2,13
494,MDCVRP,4,3,2,9
495,MDCVRP,4,4,1,9
496,MDCVRP,3,3,1,7
497,MDCVRP,4,3,2,9
498,MDCVRP,4,4,1,9
499,MDCVRP,3,3,1,7
500,MDCVRP,5,4,2,11
501,MDCVRP,3,3,1,7
502,GVRP,8,6,3,17
503,GVRP,3,4,0,7
504,GVRP,3,3,1,7
505,GVRP,5,6,0,11
506,GVRP,3,3,1,7
507,GVRP,4,3,2,9
508,GVRP,6,4,3,13
509,GVRP,10,7,4,21
510,GVRP,3,3,1,7
511,GVRP,5,4,2,11
512,GVRP,7,6,2,15
513,GVRP,6,5,2,13
514,GVRP,2,2,1,5
515,GVRP,4,4,1,9
516,GVRP,5,3,3,11
517,GVRP,7,5,3,15
518,GVRP,3,3,1,7
519,GVRP,4,4,1,9
520,GVRP,4,4,1,9
521,GVRP,5,5,1,11
522,GVRP-MD,5,5,1,11
523,GVRP-MD,6,6,1,13
524,GVRP-MD,9,8,4,21
525,GVRP-MD,6,5,2,13
526,GVRP-MD,4,4,1,9
527,GVRP-MD,8,6,3,17
528,GVRP-MD,7,5,3,15
529,GVRP-MD,4,4,1,9
530,GVRP-MD,5,5,1,11
531,GVRP-MD,7,5,3,15
532,GVRP-MD,6,5,2,13
533,GVRP-MD,9,7,3,19
534,GVRP-MD,6,5,2,13
535,GVRP-MD,7,7,1,15
536,GVRP-MD,7,4,4,15
537,GVRP-MD,7,6,2,15
538,GVRP-MD,7,8,0,15
539,GVRP-MD,6,7,0,13
540,GVRP-MD,5,4,2,11
541,GVRP-MD,10,9,2,21
542,VRPTW,5,5,1,11
543,VRPTW,6,4,3,13
544,VRPTW,8,6,3,17
545,VRPTW,4,4,1,9
546,VRPTW,5,4,2,11
547,VRPTW,8,7,2,17
548,VRPTW,4,4,1,9
549,VRPTW,2,1,2,5
550,VRPTW,11,8,4,23
551,VRPTW,6,5,2,13
552,VRPTW,4,4,1,9
553,VRPTW,5,4,2,11
554,VRPTW,2,1,2,5
555,VRPTW,8,5,4,17
556,VRPTW,8,6,3,17
557,VRPTW,5,3,3,11
558,VRPTW,6,5,2,13
559,VRPTW,6,6,1,13
560,VRPTW,5,5,1,11
561,VRPTW,7,4,4,15
562,MDVRPTW,5,3,3,11
563,MDVRPTW,3,2,2,7
564,MDVRPTW,4,4,1,9
565,MDVRPTW,6,5,2,13
566,MDVRPTW,2,2,1,5
567,MDVRPTW,8,5,4,17
568,MDVRPTW,3,3,1,7
569,MDVRPTW,3,3,1,7
570,MDVRPTW,7,7,1,15
571,MDVRPTW,5,5,1,11
572,MDVRPTW,9,7,3,19
573,MDVRPTW,5,6,0,11
574,MDVRPTW,5,5,1,11
575,MDVRPTW,6,5,2,13
576,MDVRPTW,6,5,2,13
577,MDVRPTW,16,17,0,33
578,MDVRPTW,12,8,5,25
579,MDVRPTW,7,5,3,15
580,MDVRPTW,5,2,4,11
581,G-VRPTW,5,4,2,11
582,G-VRPTW,7,6,2,15
583,G-VRPTW,6,6,1,13
584,G-VRPTW,9,6,4,19
585,G-VRPTW,7,5,3,15
586,G-VRPTW,6,6,1,13
587,G-VRPTW,4,5,0,9
588,G-VRPTW,4,4,1,9
589,G-VRPTW,7,6,2,15
590,G-VRPTW,17,6,12,35
591,G-VRPTW,8,9,0,17
592,G-VRPTW,5,5,1,11
593,G-VRPTW,11,7,5,23
594,G-VRPTW,16,14,3,33
595,G-VRPTW,4,4,1,9
596,G-VRPTW,6,5,2,13
597,G-VRPTW,6,5,2,13
598,G-VRPTW-MD,7,5,3,15
599,G-VRPTW-MD,7,4,4,15
600,G-VRPTW-MD,6,6,1,13
601,G-VRPTW-MD,14,10,5,29
602,G-VRPTW-MD,7,6,2,15
603,G-VRPTW-MD,8,7,2,17
604,G-VRPTW-MD,7,6,2,15
605,G-VRPTW-MD,10,7,4,21
606,G-VRPTW-MD,5,4,2,11
607,G-VRPTW-MD,7,7,1,15
608,G-VRPTW-MD,8,4,5,17
609,G-VRPTW-MD,7,7,1,15
610,G-VRPTW-MD,6,7,0,13
611,G-VRPTW-MD,7,6,2,15
612,G-VRPTW-MD,6,7,0,13
613,G-VRPTW-MD,6,5,2,13
614,G-VRPTW-MD,7,4,4,15
615,CVRP,4,4,1,9
616,CVRP,6,5,4,15
617,CVRP,3,3,1,7
618,CVRP,6,4,3,13
619,CVRP,5,4,2,11
620,CVRP,4,4,1,9
621,CVRP,5,4,2,11
622,CVRP,4,4,1,9
623,CVRP,6,5,2,13
624,CVRP,5,5,1,11
625,CVRP,5,4,2,11
626,CVRP,4,5,0,9
627,CVRP,5,6,0,11
628,CVRP,3,2,2,7
629,CVRP,5,6,0,11
630,CVRP,6,4,3,13
631,CVRP,6,4,3,13
632,CVRP,4,5,0,9
633,CVRP,3,3,1,7
634,CVRP,6,5,2,13
635,MDCVRP,5,4,2,11
636,MDCVRP,5,4,2,11
637,MDCVRP,7,4,4,15
638,MDCVRP,7,6,2,15
639,MDCVRP,5,5,1,11
640,MDCVRP,5,5,1,11
641,MDCVRP,8,6,3,17
642,MDCVRP,3,3,1,7
643,MDCVRP,3,4,0,7
644,MDCVRP,7,7,1,15
645,MDCVRP,7,6,2,15
646,MDCVRP,5,5,3,13
647,MDCVRP,8,7,2,17
648,MDCVRP,4,4,1,9
649,MDCVRP,4,4,1,9
650,MDCVRP,5,4,2,11
651,MDCVRP,6,6,1,13
652,MDCVRP,7,7,1,15
653,MDCVRP,6,5,2,13
654,MDCVRP,4,4,1,9
655,GVRP,5,4,2,11
656,GVRP,4,4,1,9
657,GVRP,8,9,0,17
658,GVRP,4,4,1,9
659,GVRP,6,6,1,13
660,GVRP,9,10,0,19
661,GVRP,7,7,1,15
662,GVRP,6,5,2,13
663,GVRP,9,7,3,19
664,GVRP,6,6,1,13
665,GVRP,7,7,1,15
666,GVRP,7,6,3,16
667,GVRP,6,5,2,13
668,GVRP,7,6,3,16
669,GVRP,8,6,3,17
670,GVRP,5,6,0,11
671,GVRP,5,5,1,11
672,GVRP,4,4,1,9
673,GVRP,3,4,0,7
674,GVRP,5,5,1,11
675,GVRP-MD,9,7,3,19
676,GVRP-MD,8,6,3,17
677,GVRP-MD,7,6,2,15
678,GVRP-MD,7,6,2,15
679,GVRP-MD,5,5,1,11
680,GVRP-MD,11,6,6,23
681,GVRP-MD,8,7,2,17
682,GVRP-MD,6,6,1,13
683,GVRP-MD,5,5,1,11
684,GVRP-MD,8,7,2,17
685,GVRP-MD,4,5,0,9
686,GVRP-MD,5,4,2,11
687,GVRP-MD,6,6,1,13
688,GVRP-MD,7,4,4,15
689,GVRP-MD,9,6,4,19
690,GVRP-MD,10,6,5,21
691,GVRP-MD,6,4,3,13
692,VRPTW,6,7,1,14
693,VRPTW,7,6,2,15
694,VRPTW,7,5,3,15
695,VRPTW,5,5,1,11
696,VRPTW,5,6,0,11
697,VRPTW,27,14,14,55
698,VRPTW,6,6,1,13
699,VRPTW,6,6,1,13
700,VRPTW,6,5,2,13
701,VRPTW,5,6,0,11
702,VRPTW,5,6,0,11
703,VRPTW,9,8,2,19
704,VRPTW,7,4,4,15
705,VRPTW,9,4,6,19
706,VRPTW,3,4,0,7
707,VRPTW,6,4,3,13
708,VRPTW,12,9,4,25
709,VRPTW,5,4,2,11
710,VRPTW,5,4,2,11
711,VRPTW,6,6,1,13
712,MDVRPTW,6,6,1,13
714,MDVRPTW,5,5,1,11
715,MDVRPTW,7,6,2,15
716,MDVRPTW,17,10,8,35
717,MDVRPTW,8,8,2,18
718,MDVRPTW,10,9,2,21
719,MDVRPTW,6,6,1,13
720,MDVRPTW,6,6,1,13
721,MDVRPTW,7,6,2,15
722,MDVRPTW,8,7,2,17
723,MDVRPTW,6,4,3,13
724,MDVRPTW,6,5,2,13
725,MDVRPTW,9,7,3,19
726,MDVRPTW,5,6,0,11
727,MDVRPTW,15,8,8,31
728,MDVRPTW,9,5,5,19
729,MDVRPTW,5,5,1,11
730,G-VRPTW,14,11,4,29
731,G-VRPTW,9,7,3,19
732,G-VRPTW,8,4,5,17
733,G-VRPTW,5,4,2,11
734,G-VRPTW,11,8,4,23
736,G-VRPTW,6,7,0,13
737,G-VRPTW,16,13,4,33
738,G-VRPTW,7,8,0,15
739,G-VRPTW,7,6,2,15
740,G-VRPTW,8,5,4,17
741,G-VRPTW,7,7,1,15
742,G-VRPTW,4,5,0,9
743,G-VRPTW,7,6,2,15
744,G-VRPTW,11,9,3,23
745,G-VRPTW,5,5,1,11
746,G-VRPTW-MD,6,5,2,13
748,G-VRPTW-MD,8,8,1,17
749,G-VRPTW-MD,7,5,3,15
750,G-VRPTW-MD,6,6,1,13
751,G-VRPTW-MD,10,8,3,21
752,G-VRPTW-MD,11,8,6,25
753,G-VRPTW-MD,7,6,2,15
754,G-VRPTW-MD,5,6,0,11
755,G-VRPTW-MD,6,6,1,13
757,G-VRPTW-MD,5,5,1,11
758,G-VRPTW-MD,7,4,4,15
759,G-VRPTW-MD,3,2,2,7
760,G-VRPTW-MD,7,4,4,15
761,G-VRPTW-MD,8,5,4,17
762,G-VRPTW-MD,12,11,2,25
763,G-VRPTW-MD,7,4,4,15
